{
	"parent": "nova:block_base",
	"textures": {
		"1": "nova:block/quarry_scaffolding"
	},
	"elements": [
		{
			"from": [4, 0, 4],
			"to": [12, 16, 12],
			"faces": {
				"north": {"uv": [0, 0, 16, 8], "rotation": 270, "texture": "#1"},
				"east": {"uv": [0, 0, 16, 8], "rotation": 90, "texture": "#1"},
				"south": {"uv": [0, 0, 16, 8], "rotation": 90, "texture": "#1"},
				"west": {"uv": [0, 0, 16, 8], "rotation": 270, "texture": "#1"}
			}
		},
		{
			"from": [7, 0, 7],
			"to": [9, 16, 9],
			"faces": {
				"north": {"uv": [0, 0, 8, 1], "rotation": 270, "texture": "#1"},
				"east": {"uv": [0, 0, 8, 1], "rotation": 90, "texture": "#1"},
				"south": {"uv": [0, 0, 8, 1], "rotation": 90, "texture": "#1"},
				"west": {"uv": [0, 0, 8, 1], "rotation": 270, "texture": "#1"}
			}
		}
	]
}