{
  "textures": {
    "inside": "block/mushroom_block_inside",
    "outside": "block/mushroom_stem",
    "particle": "block/mushroom_stem"
  },
  "elements": [
    {
      "from": [
        0.0,
        0.0,
        0.0
      ],
      "to": [
        16.0,
        16.0,
        16.0
      ],
      "faces": {
        "down": {
          "texture": "#inside",
          "cullface": "down"
        },
        "east": {
          "texture": "#outside",
          "cullface": "east"
        },
        "north": {
          "texture": "#inside",
          "cullface": "north"
        },
        "south": {
          "texture": "#inside",
          "cullface": "south"
        },
        "up": {
          "texture": "#outside",
          "cullface": "up"
        },
        "west": {
          "texture": "#outside",
          "cullface": "west"
        }
      }
    }
  ]
}