{
	"parent": "nova:block_base",
	"textures": {
		"2": "nova:block/machine_side",
		"4": "nova:empty",
		"5": "nova:block/solar_panel_side",
		"6": "minecraft:block/lightning_rod"
	},
	"elements": [
		{
			"name": "coil",
			"from": [6.5, 4, 6.5],
			"to": [9.5, 16, 9.5],
			"faces": {
				"north": {"uv": [0, 4, 2, 16], "texture": "#6"},
				"east": {"uv": [0, 4, 2, 16], "texture": "#6"},
				"south": {"uv": [0, 4, 2, 16], "texture": "#6"},
				"west": {"uv": [0, 4, 2, 16], "texture": "#6"},
				"up": {"uv": [1, 1, 4, 4], "texture": "#6"},
				"down": {"uv": [7, 8, 10, 11], "texture": "#4"}
			}
		},
		{
			"name": "base top",
			"from": [0, 2, 0],
			"to": [16, 4, 16],
			"faces": {
				"north": {"uv": [0, 0, 16, 2], "texture": "#2"},
				"east": {"uv": [0, 0, 16, 2], "texture": "#2"},
				"south": {"uv": [0, 0, 16, 2], "texture": "#2"},
				"west": {"uv": [0, 0, 16, 2], "texture": "#2"},
				"up": {"uv": [0, 0, 16, 16], "texture": "#2"},
				"down": {"uv": [0, 0, 16, 16], "texture": "#4"}
			}
		},
		{
			"name": "base bottom",
			"from": [0, 0, 0],
			"to": [16, 2, 16],
			"faces": {
				"north": {"uv": [0, 0, 16, 2], "rotation": 180, "texture": "#2"},
				"east": {"uv": [0, 0, 16, 2], "rotation": 180, "texture": "#2"},
				"south": {"uv": [0, 0, 16, 2], "rotation": 180, "texture": "#2"},
				"west": {"uv": [0, 0, 16, 2], "rotation": 180, "texture": "#2"},
				"up": {"uv": [0, 0, 16, 16], "texture": "#4"},
				"down": {"uv": [0, 0, 16, 16], "texture": "#2"}
			}
		},
		{
			"name": "torus",
			"from": [4, 12, 4],
			"to": [12, 14, 12],
			"faces": {
				"north": {"uv": [8, 14, 16, 16], "texture": "#5"},
				"east": {"uv": [0, 14, 8, 16], "texture": "#5"},
				"south": {"uv": [0, 14, 8, 16], "texture": "#5"},
				"west": {"uv": [8, 14, 16, 16], "rotation": 180, "texture": "#5"},
				"up": {"uv": [0, 0, 8, 8], "texture": "#5"},
				"down": {"uv": [0, 0, 8, 8], "texture": "#5"}
			}
		}
	]
}