{
	"parent": "nova:block_base",
	"textures": {
		"0": "nova:block/machine_side",
		"1": "nova:block/machine_top",
		"2": "nova:block/quarry_front",
		"3": "nova:block/quarry_side",
		"particle": "nova:block/machine_side"
	},
	"elements": [
		{
			"from": [0, 0, 0],
			"to": [16, 16, 16],
			"faces": {
				"north": {"uv": [0, 0, 16, 16], "texture": "#2"},
				"east": {"uv": [0, 0, 16, 16], "texture": "#0"},
				"south": {"uv": [0, 0, 16, 16], "texture": "#3"},
				"west": {"uv": [0, 0, 16, 16], "texture": "#3"},
				"up": {"uv": [0, 0, 16, 16], "texture": "#1"},
				"down": {"uv": [0, 0, 16, 16], "texture": "#1"}
			}
		},
		{
			"from": [13, 12, -0.5],
			"to": [14, 13, 0],
			"faces": {
				"north": {"uv": [2, 3, 3, 4], "texture": "#2"},
				"east": {"uv": [2, 3, 3, 4], "texture": "#2"},
				"west": {"uv": [2, 3, 3, 4], "texture": "#2"},
				"up": {"uv": [2, 3, 3, 4], "texture": "#2"},
				"down": {"uv": [2, 3, 3, 4], "texture": "#2"}
			}
		},
		{
			"from": [13, 10, -0.5],
			"to": [14, 11, 0],
			"faces": {
				"north": {"uv": [2, 5, 3, 6], "texture": "#2"},
				"east": {"uv": [2, 5, 3, 6], "texture": "#2"},
				"west": {"uv": [2, 5, 3, 6], "texture": "#2"},
				"up": {"uv": [2, 5, 3, 6], "texture": "#2"},
				"down": {"uv": [2, 5, 3, 6], "texture": "#2"}
			}
		},
		{
			"from": [2, 9, -0.25],
			"to": [12, 14, 0],
			"faces": {
				"north": {"uv": [4, 2, 14, 7], "texture": "#2"},
				"east": {"uv": [4, 2, 5, 3], "texture": "#2"},
				"west": {"uv": [4, 2, 5, 3], "texture": "#2"},
				"up": {"uv": [4, 2, 5, 3], "texture": "#2"},
				"down": {"uv": [4, 2, 5, 3], "texture": "#2"}
			}
		},
		{
			"from": [2, 2, -0.25],
			"to": [14, 8, 0],
			"faces": {
				"north": {"uv": [2, 8, 14, 14], "texture": "#2"},
				"east": {"uv": [2, 8, 3, 9], "texture": "#2"},
				"west": {"uv": [2, 8, 3, 9], "texture": "#2"},
				"up": {"uv": [2, 8, 3, 9], "texture": "#2"},
				"down": {"uv": [2, 8, 3, 9], "texture": "#2"}
			}
		},
		{
			"from": [3, 3, -0.5],
			"to": [7, 7, -0.25],
			"faces": {
				"north": {"uv": [9, 9, 13, 13], "texture": "#2"},
				"east": {"uv": [9, 9, 10, 10], "texture": "#2"},
				"west": {"uv": [9, 9, 10, 10], "texture": "#2"},
				"up": {"uv": [9, 9, 10, 10], "texture": "#2"},
				"down": {"uv": [9, 9, 10, 10], "texture": "#2"}
			}
		},
		{
			"from": [-1, 4, 3],
			"to": [0, 12, 4],
			"faces": {
				"north": {"uv": [3, 3, 4, 13], "rotation": 180, "texture": "#3"},
				"south": {"uv": [3, 3, 4, 13], "rotation": 180, "texture": "#3"},
				"west": {"uv": [3, 3, 4, 13], "texture": "#3"}
			}
		},
		{
			"from": [-1, 4, 12],
			"to": [0, 12, 13],
			"faces": {
				"north": {"uv": [12, 3, 13, 13], "rotation": 180, "texture": "#3"},
				"south": {"uv": [12, 3, 13, 13], "rotation": 180, "texture": "#3"},
				"west": {"uv": [12, 3, 13, 13], "texture": "#3"}
			}
		},
		{
			"from": [-1, 12, 3],
			"to": [0, 13, 13],
			"faces": {
				"north": {"uv": [3, 3, 4, 4], "texture": "#3"},
				"south": {"uv": [12, 3, 13, 4], "texture": "#3"},
				"west": {"uv": [3, 3, 13, 4], "texture": "#3"},
				"up": {"uv": [3, 3, 13, 4], "rotation": 270, "texture": "#3"},
				"down": {"uv": [3, 3, 13, 4], "rotation": 90, "texture": "#3"}
			}
		},
		{
			"from": [-1, 3, 3],
			"to": [0, 4, 13],
			"faces": {
				"north": {"uv": [3, 12, 4, 13], "texture": "#3"},
				"south": {"uv": [12, 12, 13, 13], "texture": "#3"},
				"west": {"uv": [3, 12, 13, 13], "texture": "#3"},
				"up": {"uv": [3, 12, 13, 13], "rotation": 270, "texture": "#3"},
				"down": {"uv": [3, 12, 13, 13], "rotation": 90, "texture": "#3"}
			}
		},
		{
			"from": [3, 4, 16],
			"to": [4, 12, 17],
			"faces": {
				"east": {"uv": [3, 3, 4, 13], "rotation": 180, "texture": "#3"},
				"south": {"uv": [3, 3, 4, 13], "texture": "#3"},
				"west": {"uv": [3, 3, 4, 13], "rotation": 180, "texture": "#3"}
			}
		},
		{
			"from": [12, 4, 16],
			"to": [13, 12, 17],
			"faces": {
				"east": {"uv": [12, 3, 13, 13], "rotation": 180, "texture": "#3"},
				"south": {"uv": [12, 3, 13, 13], "texture": "#3"},
				"west": {"uv": [12, 3, 13, 13], "rotation": 180, "texture": "#3"}
			}
		},
		{
			"from": [3, 12, 16],
			"to": [13, 13, 17],
			"faces": {
				"east": {"uv": [12, 3, 13, 4], "texture": "#3"},
				"south": {"uv": [3, 3, 13, 4], "texture": "#3"},
				"west": {"uv": [3, 3, 4, 4], "texture": "#3"},
				"up": {"uv": [3, 3, 13, 4], "rotation": 180, "texture": "#3"},
				"down": {"uv": [3, 3, 13, 4], "rotation": 180, "texture": "#3"}
			}
		},
		{
			"from": [3, 3, 16],
			"to": [13, 4, 17],
			"faces": {
				"east": {"uv": [12, 12, 13, 13], "texture": "#3"},
				"south": {"uv": [3, 12, 13, 13], "texture": "#3"},
				"west": {"uv": [3, 12, 4, 13], "texture": "#3"},
				"up": {"uv": [3, 12, 13, 13], "rotation": 180, "texture": "#3"},
				"down": {"uv": [3, 12, 13, 13], "rotation": 180, "texture": "#3"}
			}
		}
	]
}