{
	"parent": "nova:block_base",
	"textures": {
		"1": "nova:block/wind_turbine",
		"2": "nova:block/solar_panel_stand"
	},
	"elements": [
		{
			"from": [3, 2, 3],
			"to": [13, 32, 13],
			"rotation": {"angle": 0, "axis": "z", "origin": [8, 16, 8]},
			"faces": {
				"north": {"uv": [2.5, 0, 5, 8], "texture": "#1"},
				"east": {"uv": [0, 0, 2.5, 8], "texture": "#1"},
				"south": {"uv": [0, 0, 2.5, 8], "texture": "#1"},
				"west": {"uv": [0, 0, 2.5, 8], "texture": "#1"}
			}
		},
		{
			"from": [1, 0, 1],
			"to": [15, 2, 15],
			"faces": {
				"north": {"uv": [0, 0, 16, 3], "texture": "#2"},
				"east": {"uv": [0, 0, 16, 3], "texture": "#2"},
				"south": {"uv": [0, 0, 16, 3], "texture": "#2"},
				"west": {"uv": [0, 0, 16, 3], "texture": "#2"},
				"up": {"uv": [0, 0, 16, 16], "texture": "#2"},
				"down": {"uv": [0, 0, 16, 16], "texture": "#2"}
			}
		},
		{
			"from": [6, 6, 0],
			"to": [10, 10, 3],
			"faces": {
				"north": {"uv": [0, 15, 1, 16], "texture": "#1"},
				"east": {"uv": [0, 0, 1, 1.25], "texture": "#1"},
				"west": {"uv": [0, 0, 1, 1.25], "texture": "#1"},
				"up": {"uv": [0, 0, 1, 1.25], "rotation": 90, "texture": "#1"},
				"down": {"uv": [0, 0, 1, 1.25], "rotation": 90, "texture": "#1"}
			}
		}
	]
}