{
	"textures": {
		"1": "nova:block/wind_turbine"
	},
	"elements": [
		{
			"from": [-15, 1, 6],
			"to": [8, 2, 10],
			"rotation": {"angle": 0, "axis": "y", "origin": [8, -2, 8]},
			"faces": {
				"north": {"uv": [15, 0, 15.25, 5.75], "rotation": 270, "texture": "#1"},
				"south": {"uv": [15, 0, 15.25, 5.75], "rotation": 90, "texture": "#1"},
				"west": {"uv": [15, 5.25, 15.25, 5.75], "rotation": 90, "texture": "#1"},
				"up": {"uv": [15, 0, 16, 5.75], "rotation": 90, "texture": "#1"},
				"down": {"uv": [15, 0, 16, 5.75], "rotation": 90, "texture": "#1"}
			}
		}
	],
	"display": {
		"head": {
			"translation": [0, 15.5, 0],
			"scale": [1.8, 1.8, 1.8]
		}
	}
}